"资源拓展专员","50","2023-02-07 11:44:04","1","1","2023-02-06 15:35:41","硕士及以上","浙江大学长三角智慧绿洲创新中心","https://t2.chei.com.cn/student/ncss/cdn/job/img/tcgf0p9kh70jr1ey.png","浙江","1000-4999人","null","","机关/事业单位/非营利机构"
"综合管理专员","50","2023-02-07 11:43:34","1","1","2023-02-06 15:39:44","硕士及以上","浙江大学长三角智慧绿洲创新中心","https://t4.chei.com.cn/student/ncss/cdn/job/img/jcgcuq5re7hj7tnd.png","浙江","1000-4999人","null","","机关/事业单位/非营利机构"
"产业服务专员","50","2023-02-07 11:38:48","1","1","2023-02-06 15:42:51","硕士及以上","浙江大学长三角智慧绿洲创新中心","https://t3.chei.com.cn/student/ncss/cdn/job/img/jhkf8jy92mmvmjqz.png","浙江","1000-4999人","null","","机关/事业单位/非营利机构"
"销售管培生","10","2023-02-12 01:32:24","4","10","2023-01-13 09:19:49","专科及以上","浙江华企信息科技有限公司宁波第一分公司","https://t1.chei.com.cn/student/ncss/cdn/job/img/u11lptejvfdme2e5.png","浙江","50-99人","null","市场营销 电子商务 国际经济与贸易 工商管理 专业不限","其他"
"销售代表","40","2023-02-12 01:32:20","4.2","6","2023-01-29 10:27:41","专科及以上","浙江华企信息科技有限公司宁波第一分公司","https://t2.chei.com.cn/student/ncss/cdn/job/img/u11lptejvfdme2e5.png","浙江","50-99人","null","市场营销 电子商务 工商管理","其他"
"初级游戏特效师","16","2023-02-12 00:15:50","8","20","2022-12-22 18:02:48","专科及以上","上海动悦网络科技有限公司","https://t3.chei.com.cn/student/ncss/cdn/job/img/av4y3z4kwts3f2qv.png","上海","50-99人","五险一金，带薪年假，岗位晋升，技能培训，弹性工作，定期体检，年终奖，专项奖金，年度旅游，节日礼物","艺术类","民营企业"
"游戏特效实习生（上海）","10","2023-02-12 00:15:48","6","50","2023-02-08 10:55:33","不限","上海动悦网络科技有限公司","https://t4.chei.com.cn/student/ncss/cdn/job/img/av4y3z4kwts3f2qv.png","上海","50-99人","五险一金，带薪年假，岗位晋升，技能培训，弹性工作，定期体检，年终奖，专项奖金，年度旅游，节日礼物","艺术类 计算机类 美术类 数字媒体艺术 数字媒体设计 视觉传达设计 动漫设计 游戏设计 游戏策划 美术学 产品设计 平面设计 绘画 雕塑","民营企业"
"社群团长运营 ","12","2023-02-12 00:07:10","8","1","2023-02-08 16:08:12","不限","台州市海汐电子商务有限公司","https://t3.chei.com.cn/student/ncss/cdn/job/img/t7xwkvektilf7y5o.png","全国","1-49人","弹性工作，年终分红，绩效奖金，年度旅游","计算机 网络 技术类 行政 建筑 工厂生产类 生物 制药 电气 化工 物业管理类 酒店 媒体类 旅游 医疗卫生 美容 教育 咨询 金融保险类 技工类 经营管理类 商业零售类 贸易 物流 顾问 培训类 后勤 美术 设计 创意类 质量管理类 翻译类 销售 客户服务类 市场 公关 媒介类 人力资源类 咨询 顾问类 财务 审计类","民营企业"
"校园推广宣传员","8","2023-02-12 00:07:01","5","0","2023-02-07 08:42:34","不限","台州市海汐电子商务有限公司","https://t4.chei.com.cn/student/ncss/cdn/job/img/t7xwkvektilf7y5o.png","全国","1-49人","弹性工作，年终分红，绩效奖金，年度旅游","计算机 网络 技术类 行政 建筑 工厂生产类 生物 制药 电气 化工 物业管理类 酒店 媒体类 旅游 医疗卫生 美容 教育 咨询 金融保险类 技工类 经营管理类 商业零售类 贸易 物流 顾问 培训类 后勤 美术 设计 创意类 质量管理类 翻译类 销售 客户服务类 市场 公关 媒介类 人力资源类 咨询 顾问类 财务 审计类","民营企业"
"产品专家储备干部周末双休六险一金","10","2023-02-11 23:52:55","5","15","2023-02-04 18:15:33","专科及以上","中国平安人寿保险股份有限公司西安电话销售中心","https://t4.chei.com.cn/student/ncss/cdn/job/img/6tcm8vu1i3u4x98p.png","陕西","5000以上","五险一金，带薪年假，岗位晋升，技能培训，定期体检，专项奖金，绩效奖金，高温补贴，免费加班餐，班车接送","","股份制企业"
"企业微信客户运营 双休 五险一金","10","2023-02-11 23:52:55","4","30","2023-02-04 18:15:08","专科及以上","中国平安人寿保险股份有限公司西安电话销售中心","https://t2.chei.com.cn/student/ncss/cdn/job/img/6tcm8vu1i3u4x98p.png","陕西","5000以上","五险一金，带薪年假，岗位晋升，技能培训，定期体检，专项奖金，绩效奖金，高温补贴，免费加班餐，班车接送","","股份制企业"
"世界500强企业周末双休六险一金不销售 纯客服","10","2023-02-11 23:52:55","4","20","2023-02-04 18:15:03","专科及以上","中国平安人寿保险股份有限公司西安电话销售中心","https://t2.chei.com.cn/student/ncss/cdn/job/img/6tcm8vu1i3u4x98p.png","陕西","5000以上","五险一金，带薪年假，岗位晋升，技能培训，定期体检，专项奖金，绩效奖金，高温补贴，免费加班餐，班车接送","不限专业","股份制企业"
"外贸业务员, 8000-10000+提成, 欢迎应届生加盟","20","2023-02-11 23:37:36","8","35","2023-01-25 18:54:46","本科及以上","上海名佳利金属有限公司","","上海","100-499人","五险一金，带薪年假，岗位晋升，技能培训，弹性工作，年终分红，定期体检，扁平管理，年底双薪，绩效奖金","国际商务 对外贸易 贸易经济 国际贸易 英语 俄语 西班牙语 国际经济与贸易 国际商务 工程机械 外贸 商务英语 俄语 西班牙语","港澳台公司"
"测量工程师","5.5","2023-02-11 23:23:27","4.5","4","2023-01-03 12:23:28","本科及以上","武汉普瑞斯测量技术有限公司","https://t4.chei.com.cn/student/ncss/cdn/job/img/gr8ebub1thoame9d.png","湖北","1-49人","五险一金，带薪年假，技能培训，绩效奖金，交通补助，午餐补助，通讯津贴，提供住宿","机械设计及制造、自动化、智能制造相关","民营企业"
"方案营销工程师","5.5","2023-02-11 23:23:24","4.5","2","2023-01-03 12:23:32","本科及以上","武汉普瑞斯测量技术有限公司","https://t3.chei.com.cn/student/ncss/cdn/job/img/gr8ebub1thoame9d.png","湖北","1-49人","五险一金，带薪年假，技能培训，绩效奖金，交通补助，午餐补助，通讯津贴，提供住宿","机械设计及制造、自动化、智能制造相关","民营企业"
"软件开发工程师","8.5","2023-02-11 23:23:22","7.5","2","2023-01-03 12:23:35","本科及以上","武汉普瑞斯测量技术有限公司","https://t1.chei.com.cn/student/ncss/cdn/job/img/gr8ebub1thoame9d.png","湖北","1-49人","五险一金，带薪年假，技能培训，绩效奖金，交通补助，午餐补助，通讯津贴，提供住宿","智能制造学院、人工智能学院或相关专业","民营企业"
"签约服装艺人","30","2023-02-11 23:03:14","15","5","2023-02-08 23:41:50","不限","北京悦领航教育科技有限公司","https://t1.chei.com.cn/student/ncss/cdn/job/img/qvjbwag8bdpsujh5.png","北京","500-999人","五险一金，带薪年假，岗位晋升，技能培训，年终分红","酒店管理 旅游管理 空中乘务 交通运输类 民航运输 邮轮乘务 高速铁路客运乘务 舞蹈 播音 服装表演","民营企业"
"前厅礼仪接待","9","2023-02-11 23:03:10","7","5","2023-02-08 23:42:13","不限","北京悦领航教育科技有限公司","https://t2.chei.com.cn/student/ncss/cdn/job/img/qvjbwag8bdpsujh5.png","北京","500-999人","五险一金，带薪年假，岗位晋升，技能培训，年终分红","酒店管理 旅游管理 空中乘务 交通运输类 民航运输 邮轮乘务 高速铁路客运乘务 英语","民营企业"
"米其林高级服务师","10","2023-02-11 23:02:56","7","5","2023-02-08 23:50:08","不限","北京悦领航教育科技有限公司","https://t2.chei.com.cn/student/ncss/cdn/job/img/qvjbwag8bdpsujh5.png","北京","500-999人","五险一金，带薪年假，岗位晋升，技能培训，年终分红","酒店管理 旅游管理 空中乘务 交通运输类 民航运输 邮轮乘务 高速铁路客运乘务 舞蹈 播音 服装表演","民营企业"
"销售经理（管培）","30","2023-02-11 21:41:49","10","50","2022-12-31 08:49:31","本科及以上","德佑房地产经纪有限公司上海第一百四十三分公司","https://t3.chei.com.cn/student/ncss/cdn/job/img/s9qz6xxt03sfh932.png","上海","5000以上","五险一金，带薪年假，岗位晋升，技能培训，定期体检，节日礼物","工学 理学 文学 法务 行政 通信 哲学 经济学 法学 教育学 历史学 农学 医学 管理学 艺术学","上市公司"
"房产销售&短视频运营","30","2023-02-11 21:41:46","8","10","2022-12-31 08:49:37","本科及以上","德佑房地产经纪有限公司上海第一百四十三分公司","https://t1.chei.com.cn/student/ncss/cdn/job/img/s9qz6xxt03sfh932.png","上海","5000以上","五险一金，带薪年假，岗位晋升，技能培训，定期体检，节日礼物","工学 理学 文学 行政 通信 哲学 经济学 法学 教育学 历史学 农学 医学 管理学 艺术学","上市公司"
"安全工程师","15","2023-02-11 21:31:48","5","15","2022-12-14 11:19:12","本科及以上","南通恒泰企业服务有限公司","https://t2.chei.com.cn/student/ncss/cdn/job/img/8nzxvwyjv6h58rsr.png","江苏","100-499人","五险一金，带薪年假，岗位晋升，技能培训，年终奖，年度旅游，交通补助，午餐补助，通讯津贴，节日礼物","安全工程 职业卫生工程 应急技术与管理 安全技术与管理 安全科学与工程 雷电防护科学与技术 灾害防治工程","民营企业"
"废气、废水治理工程师","20","2023-02-11 21:31:48","5","30","2022-12-14 11:18:55","本科及以上","南通恒泰企业服务有限公司","https://t2.chei.com.cn/student/ncss/cdn/job/img/8nzxvwyjv6h58rsr.png","江苏","100-499人","五险一金，带薪年假，岗位晋升，技能培训，年终奖，年度旅游，交通补助，午餐补助，通讯津贴，节日礼物","环保工程 环保设备工程 工程 暖通 化工 土木工程","民营企业"
"监测监控安装、运维工程师","12","2023-02-11 21:31:48","5","30","2022-12-14 11:18:46","本科及以上","南通恒泰企业服务有限公司","https://t4.chei.com.cn/student/ncss/cdn/job/img/8nzxvwyjv6h58rsr.png","江苏","100-499人","五险一金，带薪年假，岗位晋升，技能培训，年终奖，年度旅游，交通补助，午餐补助，通讯津贴，节日礼物","仪器仪表 自动化 信息工程 环境工程 电力工程等相关专业","民营企业"
"销售工程师","50","2023-02-11 21:31:48","5","10","2022-12-14 11:19:05","本科及以上","南通恒泰企业服务有限公司","https://t4.chei.com.cn/student/ncss/cdn/job/img/8nzxvwyjv6h58rsr.png","江苏","100-499人","五险一金，带薪年假，岗位晋升，技能培训，年终奖，年度旅游，交通补助，午餐补助，通讯津贴，节日礼物","市场营销 工商管理 经济与贸易","民营企业"
"商务助理（需要留用机会）","3.5","2023-02-11 21:27:34","2.2","1","2023-02-01 15:15:20","本科及以上","苏州协君法律咨询服务有限公司","","江苏","1-49人","五险一金，带薪年假，岗位晋升，技能培训，年度旅游，节日礼物","市场营销 广告 传媒 法学 工程管理 国际贸易类 文秘 秘书 汉语言","民营企业"
"经理助理","7","2023-02-11 21:27:28","5.5","1","2023-02-01 15:43:01","本科及以上","苏州协君法律咨询服务有限公司","","江苏","1-49人","五险一金，带薪年假，岗位晋升，技能培训，年度旅游，节日礼物","视觉设计 广告学 广播电视学 网络与新媒体 播音与主持艺术 新闻学 汉语言文学 新闻学 新闻传播 数字媒体 秘书学","民营企业"
"法务助理","9.5","2023-02-11 21:27:17","6","2","2023-02-01 12:11:30","本科及以上","苏州协君法律咨询服务有限公司","","江苏","1-49人","五险一金，带薪年假，岗位晋升，技能培训，年度旅游，节日礼物","民法 商法 法学 经济法 民事诉讼法 国际法 环境法","民营企业"
"文案策划编辑","7","2023-02-11 21:27:08","5.5","2","2023-02-06 19:19:47","本科及以上","苏州协君法律咨询服务有限公司","","江苏","1-49人","五险一金，带薪年假，岗位晋升，技能培训，年度旅游，节日礼物","视觉设计 平面 广告学 广播电视学 网络与新媒体 播音与主持艺术 新闻学 汉语言文学 新闻学 新闻传播","民营企业"
"安全工程师","9.9","2023-02-11 21:26:20","2.5","2","2023-01-31 17:42:16","专科及以上","甘肃海川若水管理咨询有限公司","https://t2.chei.com.cn/student/ncss/cdn/job/img/4a6w6ijwwtriqxre.png","甘肃","1-49人","岗位晋升，技能培训，弹性工作，扁平管理，年终奖，专项奖金，绩效奖金","环境相关类 水利水电相关类 自然资源相关类 土木工程相关 安全管理相关类","民营企业"
"水保工程师","9.9","2023-02-11 21:26:15","2.5","2","2023-01-31 17:42:21","专科及以上","甘肃海川若水管理咨询有限公司","https://t2.chei.com.cn/student/ncss/cdn/job/img/4a6w6ijwwtriqxre.png","甘肃","1-49人","岗位晋升，技能培训，弹性工作，扁平管理，年终奖，专项奖金，绩效奖金","环境相关类 水利水电相关类 自然资源相关类 土木工程相关","民营企业"
"环境工程师","9.9","2023-02-11 21:26:08","2.5","2","2023-01-31 17:42:25","专科及以上","甘肃海川若水管理咨询有限公司","https://t2.chei.com.cn/student/ncss/cdn/job/img/4a6w6ijwwtriqxre.png","甘肃","1-49人","岗位晋升，技能培训，弹性工作，扁平管理，年终奖，专项奖金，绩效奖金","环境相关类 水利水电相关类 自然资源相关类 土木工程相关","民营企业"
"实习安全工程师","5","2023-02-11 21:25:59","2","2","2023-02-08 20:38:52","本科及以上","甘肃海川若水管理咨询有限公司","https://t1.chei.com.cn/student/ncss/cdn/job/img/4a6w6ijwwtriqxre.png","甘肃","1-49人","岗位晋升，技能培训，弹性工作，扁平管理，年终奖，专项奖金，绩效奖金","环境相关类 水利水电相关类 自然资源相关类 土木工程相关 安全管理相关类","民营企业"
"实习水保工程师","5","2023-02-11 21:25:54","2","2","2023-02-08 20:38:59","本科及以上","甘肃海川若水管理咨询有限公司","https://t4.chei.com.cn/student/ncss/cdn/job/img/4a6w6ijwwtriqxre.png","甘肃","1-49人","岗位晋升，技能培训，弹性工作，扁平管理，年终奖，专项奖金，绩效奖金","环境相关类 水利水电相关类 自然资源相关类 土木工程相关 安全管理相关类","民营企业"
"实习环境工程师","5","2023-02-11 21:25:51","2","2","2023-02-08 20:39:03","本科及以上","甘肃海川若水管理咨询有限公司","https://t3.chei.com.cn/student/ncss/cdn/job/img/4a6w6ijwwtriqxre.png","甘肃","1-49人","岗位晋升，技能培训，弹性工作，扁平管理，年终奖，专项奖金，绩效奖金","环境相关类 水利水电相关类 自然资源相关类 土木工程相关 安全管理相关类","民营企业"
"水利水电工程师","10","2023-02-11 21:25:48","3","3","2023-02-08 20:44:37","本科及以上","甘肃海川若水管理咨询有限公司","https://t1.chei.com.cn/student/ncss/cdn/job/img/4a6w6ijwwtriqxre.png","全国","1-49人","岗位晋升，技能培训，弹性工作，扁平管理，年终奖，专项奖金，绩效奖金","水利水电相关类 环境相关类 自然资源相关类 土木工程相关 安全管理相关类","民营企业"
"实习水利水电工程师","3","2023-02-11 21:25:45","1.5","3","2023-02-08 20:46:00","本科及以上","甘肃海川若水管理咨询有限公司","https://t2.chei.com.cn/student/ncss/cdn/job/img/4a6w6ijwwtriqxre.png","全国","1-49人","岗位晋升，技能培训，弹性工作，扁平管理，年终奖，专项奖金，绩效奖金","水利水电相关类 环境相关类 自然资源相关类 土木工程相关 安全管理相关类","民营企业"
"电话营销","12","2023-02-11 21:15:08","5","15","2022-12-15 14:07:42","不限","天津梧桐树装饰工程有限公司","https://t4.chei.com.cn/student/ncss/cdn/job/img/vtltqyv1jhzkz6i5.png","天津","100-499人","岗位晋升，技能培训，绩效奖金，通讯津贴，节日礼物，提供住宿","","民营企业"
"客服调研","5","2023-02-11 21:01:45","3","20","2023-01-13 11:14:20","专科及以上","西安领科实业有限公司","https://t4.chei.com.cn/student/ncss/cdn/job/img/x4e3xlrup3v5w9kz.png","安徽","100-499人","五险一金","计算机类专业、电子商务、物流管理、网络营销、国际贸易、新媒体、设计","民营企业"
"网络运营管理实习生-调研岗（仅限23届毕业生）","5","2023-02-11 21:01:40","3","20","2023-02-03 11:14:23","专科及以上","西安领科实业有限公司","https://t2.chei.com.cn/student/ncss/cdn/job/img/x4e3xlrup3v5w9kz.png","安徽","100-499人","五险一金","计算机类专业、电子商务、物流管理、网络营销、国际贸易、数字媒体、市场营销","民营企业"
"调研客服岗-限23届毕业生 （提供实习证明）","5","2023-02-11 21:01:36","3","30","2023-02-08 18:37:41","专科及以上","西安领科实业有限公司","https://t4.chei.com.cn/student/ncss/cdn/job/img/x4e3xlrup3v5w9kz.png","安徽","100-499人","五险一金","计算机类专业、大数据技术、电子商务、物流管理、网络营销、国际贸易、新媒体、市场营销，城市轨道交通运营","民营企业"
"家族办公室家族事务专员","80","2023-02-11 20:52:28","8","30","2022-12-19 14:50:20","本科及以上","太平人寿保险有限公司北京分公司海淀支公司","https://t2.chei.com.cn/student/ncss/cdn/job/img/zur7uxp413ptvbkr.png","北京","1000-4999人","岗位晋升，技能培训，弹性工作，定期体检，专项奖金，绩效奖金，年度旅游","","国有企业"
"年金销售经理","10","2023-02-11 20:52:22","3","30","2022-12-17 21:30:20","本科及以上","太平人寿保险有限公司北京分公司海淀支公司","https://t1.chei.com.cn/student/ncss/cdn/job/img/zur7uxp413ptvbkr.png","北京","1000-4999人","岗位晋升，技能培训，弹性工作，定期体检，专项奖金，绩效奖金，年度旅游","市场营销 企业管理 金融","国有企业"
"产品销售储备经理","80","2023-02-11 20:52:16","1","70","2022-12-17 21:30:10","专科及以上","太平人寿保险有限公司北京分公司海淀支公司","https://t4.chei.com.cn/student/ncss/cdn/job/img/zur7uxp413ptvbkr.png","北京","1000-4999人","岗位晋升，技能培训，弹性工作，定期体检，专项奖金，绩效奖金，年度旅游","市场营销 企业管理 金融","国有企业"
"储备经理人","50","2023-02-11 20:52:12","8","30","2022-12-17 21:30:01","本科及以上","太平人寿保险有限公司北京分公司海淀支公司","https://t3.chei.com.cn/student/ncss/cdn/job/img/zur7uxp413ptvbkr.png","北京","1000-4999人","岗位晋升，技能培训，弹性工作，定期体检，专项奖金，绩效奖金，年度旅游","","国有企业"
"保险代理人","40","2023-02-11 20:52:07","6","70","2022-12-17 21:29:48","专科及以上","太平人寿保险有限公司北京分公司海淀支公司","https://t3.chei.com.cn/student/ncss/cdn/job/img/zur7uxp413ptvbkr.png","北京","1000-4999人","岗位晋升，技能培训，弹性工作，定期体检，专项奖金，绩效奖金，年度旅游","企业管理 市场营销 保险 电子商务","国有企业"
"理财规划师","15","2023-02-11 20:52:02","3","60","2022-12-26 17:49:08","本科及以上","太平人寿保险有限公司北京分公司海淀支公司","https://t2.chei.com.cn/student/ncss/cdn/job/img/zur7uxp413ptvbkr.png","北京","1000-4999人","岗位晋升，技能培训，弹性工作，定期体检，专项奖金，绩效奖金，年度旅游","","国有企业"
"兼职市场推广专员","80","2023-02-11 20:51:51","9","30","2022-12-26 17:49:14","硕士及以上","太平人寿保险有限公司北京分公司海淀支公司","https://t1.chei.com.cn/student/ncss/cdn/job/img/zur7uxp413ptvbkr.png","北京","1000-4999人","岗位晋升，技能培训，弹性工作，定期体检，专项奖金，绩效奖金，年度旅游","企业管理 市场营销 保险 电子商务","国有企业"
"代理","50","2023-02-11 20:51:48","10","40","2023-02-01 21:54:39","硕士及以上","太平人寿保险有限公司北京分公司海淀支公司","https://t3.chei.com.cn/student/ncss/cdn/job/img/zur7uxp413ptvbkr.png","全国","1000-4999人","岗位晋升，技能培训，弹性工作，定期体检，专项奖金，绩效奖金，年度旅游","市场营销 企业管理 金融","国有企业"
"储备经理人（接受大四实习）","50","2023-02-11 20:51:44","0","80","2023-02-03 11:05:14","本科及以上","太平人寿保险有限公司北京分公司海淀支公司","https://t2.chei.com.cn/student/ncss/cdn/job/img/zur7uxp413ptvbkr.png","北京","1000-4999人","岗位晋升，技能培训，弹性工作，定期体检，专项奖金，绩效奖金，年度旅游","","国有企业"
"供应链信息服务软件开发","1.2","2023-02-11 20:46:02","0.6","12","2022-12-22 20:27:09","本科及以上","航天智融信息技术（珠海）有限责任公司","","广东","1-49人","五险一金，岗位晋升，技能培训，股票期权，扁平管理，年终奖，绩效奖金，节日礼物，免费加班餐，零食水果","软件工程 计算机工程 大数据 互联网","民营企业"
"研发岗位","7.5","2023-02-11 20:38:35","4","2","2023-01-27 08:56:27","本科及以上","兰州奥普信息技术有限公司","","甘肃","1-49人","岗位晋升，技能培训，股权激励，股票期权，专项奖金","电子信息 软件 自动化 电信 计算机 自动控制 人工智能 通信","民营企业"
"硬件开发工程师","6","2023-02-11 20:38:31","4.3","3","2023-01-27 08:57:01","本科及以上","兰州奥普信息技术有限公司","","甘肃","1-49人","岗位晋升，技能培训，股权激励，股票期权，专项奖金","本科及以上学历 模拟电路及数字电路原理 Protel，Altium Designer PCB设计 电路的设计及熟悉单片机程序 传感器信号调理以及信号放大处理技术、电磁兼容设计","民营企业"
"销售助理","5.3","2023-02-11 20:38:28","3.8","4","2023-01-28 08:58:48","专科及以上","兰州奥普信息技术有限公司","","甘肃","1-49人","岗位晋升，技能培训，股权激励，股票期权，专项奖金","1、市场营销、自动化、计算机等相关专业； 2、能承受工作压力并具备自我管理及自我激励； 3、工作脚踏实地，有冲劲干劲； 4、锲而不舍的工作态度、良好的团队协作精神。","民营企业"
"研发工程师","7.5","2023-02-11 20:38:23","4","2","2023-02-02 08:18:26","本科及以上","兰州奥普信息技术有限公司","","甘肃","1-49人","岗位晋升，技能培训，股权激励，股票期权，专项奖金","电子信息 软件 自动化 电信 计算机 自动控制 人工智能 通信","民营企业"
"线上房产运营官","8","2023-02-11 20:01:57","5","10","2022-12-18 18:06:02","专科及以上","三河市链家房产经纪有限公司","https://t3.chei.com.cn/student/ncss/cdn/job/img/9121j5rct645l5m6.png","河北","5000以上","五险一金","金融 会计 化工 销售 运营","上市公司"
"房产顾问式销售","40","2023-02-11 20:01:55","4","5","2022-12-18 18:06:24","本科及以上","三河市链家房产经纪有限公司","https://t3.chei.com.cn/student/ncss/cdn/job/img/9121j5rct645l5m6.png","河北","5000以上","五险一金","市场营销 工商管理","上市公司"
"二手房置业顾问","9","2023-02-11 20:01:51","4","15","2022-12-18 18:06:33","专科及以上","三河市链家房产经纪有限公司","https://t2.chei.com.cn/student/ncss/cdn/job/img/9121j5rct645l5m6.png","河北","5000以上","五险一金","市场营销 工商管理","上市公司"
"世界500强企业-北京链家-无责底薪6000起","15","2023-02-11 19:52:57","6","8","2023-02-01 11:36:35","本科及以上","北京链家置地房地产经纪有限公司海淀第七十六分公司","https://t3.chei.com.cn/student/ncss/cdn/job/img/g15llzukck6pzwpx.png","北京","5000以上","五险一金，岗位晋升，技能培训，弹性工作，定期体检，绩效奖金","工商管理 市场营销 电子商务 经济学类 体育学类 教育学类 化工与制药类 经济与贸易类 农业类 财务 金融学类","上市公司"
"北京链家总部直招—营销国贸专业","10","2023-02-11 19:52:57","6","6","2023-02-01 11:35:58","本科及以上","北京链家置地房地产经纪有限公司海淀第七十六分公司","https://t1.chei.com.cn/student/ncss/cdn/job/img/g15llzukck6pzwpx.png","北京","5000以上","五险一金，岗位晋升，技能培训，弹性工作，定期体检，绩效奖金","工商管理 市场营销 电子商务 经济学类 体育学类 教育学类 化工与制药类 经济与贸易类 农业类 财务 金融学类","上市公司"
"95后00后团队，弹性工作制，无责底薪6k，五险一金","15","2023-02-11 19:52:57","6","7","2023-01-30 12:37:33","本科及以上","北京链家置地房地产经纪有限公司海淀第七十六分公司","https://t1.chei.com.cn/student/ncss/cdn/job/img/g15llzukck6pzwpx.png","北京","5000以上","五险一金，岗位晋升，技能培训，弹性工作，定期体检，绩效奖金","工商管理 市场营销 电子商务 经济学类 体育学类 教育学类 化工与制药类 经济与贸易类 农业类 财务 金融学类","上市公司"
"首都发展的机会-链家地产-无责底薪6000-五险一金","15","2023-02-11 19:52:57","6","6","2023-01-30 12:35:45","本科及以上","北京链家置地房地产经纪有限公司海淀第七十六分公司","https://t2.chei.com.cn/student/ncss/cdn/job/img/g15llzukck6pzwpx.png","北京","5000以上","五险一金，岗位晋升，技能培训，弹性工作，定期体检，绩效奖金","工商管理 市场营销 电子商务 经济学类 体育学类 教育学类 化工与制药类 经济与贸易类 农业类 财务 金融学类","上市公司"
"营销岗-应届生-毕业生-实习生-总部直招","15","2023-02-11 19:52:57","6","6","2023-01-30 12:35:08","本科及以上","北京链家置地房地产经纪有限公司海淀第七十六分公司","https://t1.chei.com.cn/student/ncss/cdn/job/img/g15llzukck6pzwpx.png","北京","5000以上","五险一金，岗位晋升，技能培训，弹性工作，定期体检，绩效奖金","工商管理 市场营销 电子商务 经济学类 体育学类 教育学类 化工与制药类 经济与贸易类 农业类 财务 金融学类","上市公司"
"美股港股双上市-贝壳找房-营销岗-无责底薪6000+","15","2023-02-11 19:52:57","6","5","2023-01-11 12:46:19","本科及以上","北京链家置地房地产经纪有限公司海淀第七十六分公司","https://t3.chei.com.cn/student/ncss/cdn/job/img/g15llzukck6pzwpx.png","北京","5000以上","五险一金，岗位晋升，技能培训，弹性工作，定期体检，绩效奖金","工商管理 市场营销 电子商务 经济学类 体育学类 教育学类 化工与制药类 经济与贸易类 农业类 财务 金融学类","上市公司"
"中国房地产排名第一公司-五险一金-无责底薪","15","2023-02-11 19:52:57","6","6","2023-01-11 12:44:49","本科及以上","北京链家置地房地产经纪有限公司海淀第七十六分公司","https://t3.chei.com.cn/student/ncss/cdn/job/img/g15llzukck6pzwpx.png","北京","5000以上","五险一金，岗位晋升，技能培训，弹性工作，定期体检，绩效奖金","工商管理 市场营销 电子商务 经济学类 体育学类 教育学类 化工与制药类 经济与贸易类 农业类 财务 金融学类","上市公司"
"护士","20","2023-02-11 19:44:17","10","10","2023-01-13 15:33:05","专科及以上","西安珍妮母婴护理服务有限公司","","陕西","1-49人","null","护理学","民营企业"
"幼师","20","2023-02-11 19:44:12","10","10","2023-01-13 16:16:06","专科及以上","西安珍妮母婴护理服务有限公司","","陕西","1-49人","null","学前教育、小学教育、华文教育","民营企业"
"商务","10","2023-02-11 19:06:03","5","1","2023-02-04 16:31:35","专科及以上","北京云飞腾博科技开发有限公司","https://t4.chei.com.cn/student/ncss/cdn/job/img/9nec2te9w410t0o2.png","北京","1-49人","岗位晋升，技能培训，扁平管理，午餐补助","计算机专业或会计专业，熟练使用计算机，办公软件，","民营企业"
"销售顾问","28","2023-02-11 18:18:25","3","30","2023-01-31 09:32:57","专科及以上","杭州思恩建筑科技有限公司","https://t2.chei.com.cn/student/ncss/cdn/job/img/bcauw2cq3ndgtfyt.png","浙江","1-49人","技能培训，年度旅游","","其他"
"销售顾问","6","2023-02-11 18:18:19","3","30","2023-01-27 11:43:45","专科及以上","杭州思恩建筑科技有限公司","https://t4.chei.com.cn/student/ncss/cdn/job/img/bcauw2cq3ndgtfyt.png","浙江","1-49人","技能培训，年度旅游","","其他"
"数剧录入员","8","2023-02-11 18:15:48","5","20","2023-02-02 19:44:52","专科及以上","北京肽小美科技有限公司","","全国","100-499人","null","计算机","民营企业"
"见习软件测试工程师（应往届生）","8","2023-02-11 18:15:44","5","80","2023-02-02 19:44:44","本科及以上","北京肽小美科技有限公司","","北京","100-499人","null","计算机","民营企业"
"校招软件测试工程师（见习）","8","2023-02-11 18:15:39","5","80","2023-02-07 13:21:43","本科及以上","北京肽小美科技有限公司","","北京","100-499人","null","计算机","民营企业"
"软件测试工程师（校招实习）","8","2023-02-11 18:15:36","5","80","2023-02-07 17:42:40","本科及以上","北京肽小美科技有限公司","","北京","100-499人","null","计算机","民营企业"
"软件测试工程师(有无经验均可)","8","2023-02-11 18:15:32","5","80","2023-02-08 17:27:10","本科及以上","北京肽小美科技有限公司","","北京","100-499人","null","计算机","民营企业"
"人力资源管培生","8","2023-02-11 18:14:28","5","10","2023-02-04 12:19:52","本科及以上","新疆梅花氨基酸有限责任公司","https://t4.chei.com.cn/student/ncss/cdn/job/img/imnnt5gaa66rgfhq.png","新疆","1000-4999人","五险一金，岗位晋升，弹性工作，股权激励，股票期权，定期体检，专项奖金，绩效奖金，年度旅游，午餐补助","人力资源管理 工商管理 公共事业管理 统计学 心理学","民营企业"
"土建技改工程师","7","2023-02-11 18:14:24","6","2","2023-01-13 12:44:28","本科及以上","新疆梅花氨基酸有限责任公司","https://t3.chei.com.cn/student/ncss/cdn/job/img/imnnt5gaa66rgfhq.png","新疆","1000-4999人","五险一金，岗位晋升，弹性工作，股权激励，股票期权，定期体检，专项奖金，绩效奖金，年度旅游，午餐补助","土木工程","民营企业"
"健康养生顾问助理（实习）","7","2023-02-11 18:03:56","2.5","3","2022-12-29 14:06:06","专科及以上","慧新博奥崛起透视文化科技（济南）有限公司","https://t1.chei.com.cn/student/ncss/cdn/job/img/werxnzws1tovem5a.png","山东","1-49人","五险一金，岗位晋升，技能培训，年终分红，股权激励，扁平管理","医学 药学 心理学 健康养生 食品学 体育健身","民营企业"
"营销精英（实习）","7","2023-02-11 18:03:48","2.5","3","2022-12-29 14:07:43","专科及以上","慧新博奥崛起透视文化科技（济南）有限公司","https://t3.chei.com.cn/student/ncss/cdn/job/img/werxnzws1tovem5a.png","山东","1-49人","五险一金，岗位晋升，技能培训，年终分红，股权激励，扁平管理","市场营销学 经济学 金融学","民营企业"
"新媒体运营精英（实习）","7","2023-02-11 18:03:40","2.5","3","2022-12-29 14:07:13","专科及以上","慧新博奥崛起透视文化科技（济南）有限公司","https://t1.chei.com.cn/student/ncss/cdn/job/img/werxnzws1tovem5a.png","山东","1-49人","五险一金，岗位晋升，技能培训，年终分红，股权激励，扁平管理","视频编辑 广播电视 播音与主持 新闻 中文 新媒体 电子商务 视觉传达","民营企业"
"健康养生志愿者（兼职）","7","2023-02-11 18:03:33","2.5","3","2023-01-28 13:15:17","专科及以上","慧新博奥崛起透视文化科技（济南）有限公司","https://t3.chei.com.cn/student/ncss/cdn/job/img/werxnzws1tovem5a.png","山东","1-49人","五险一金，岗位晋升，技能培训，年终分红，股权激励，扁平管理","医学 药学 心理学 健康养生 食品学 体育健身","民营企业"
"健康养生顾问","8","2023-02-11 18:03:26","3","3","2023-01-29 05:03:05","专科及以上","慧新博奥崛起透视文化科技（济南）有限公司","https://t3.chei.com.cn/student/ncss/cdn/job/img/werxnzws1tovem5a.png","山东","1-49人","五险一金，岗位晋升，技能培训，年终分红，股权激励，扁平管理","医学 药学 心理学 食品学 健康养生学 体育健身","民营企业"
"新媒体运营精英","8","2023-02-11 18:03:07","3","5","2023-01-29 05:01:49","专科及以上","慧新博奥崛起透视文化科技（济南）有限公司","https://t3.chei.com.cn/student/ncss/cdn/job/img/werxnzws1tovem5a.png","山东","1-49人","五险一金，岗位晋升，技能培训，年终分红，股权激励，扁平管理","视觉传达 广播电视 播音与主持 新闻 中文 新媒体 电子商务","民营企业"
"健康养生顾问助理","8","2023-02-11 18:03:00","3","3","2023-01-29 05:02:28","专科及以上","慧新博奥崛起透视文化科技（济南）有限公司","https://t2.chei.com.cn/student/ncss/cdn/job/img/werxnzws1tovem5a.png","山东","1-49人","五险一金，岗位晋升，技能培训，年终分红，股权激励，扁平管理","医学 药学 心理学 健康养生 食品学 体育健身","民营企业"
"营销精英","8","2023-02-11 18:02:48","3","3","2023-01-29 05:03:37","专科及以上","慧新博奥崛起透视文化科技（济南）有限公司","https://t4.chei.com.cn/student/ncss/cdn/job/img/werxnzws1tovem5a.png","山东","1-49人","五险一金，岗位晋升，技能培训，年终分红，股权激励，扁平管理","市场营销学 经济学 金融学","民营企业"
"新媒体编辑","6","2023-02-11 17:53:10","4","2","2023-02-04 11:42:54","专科及以上","网众验房（成都）科技有限公司","https://t4.chei.com.cn/student/ncss/cdn/job/img/03l6yfujq5l383xq.png","四川","100-499人","技能培训，年终奖，专项奖金，午餐补助，节日礼物","电子商务，市场营销，新媒体运营","民营企业"
"房屋查验工程师","6","2023-02-11 17:53:03","3","100","2023-02-07 13:51:20","专科及以上","网众验房（成都）科技有限公司","https://t3.chei.com.cn/student/ncss/cdn/job/img/03l6yfujq5l383xq.png","四川","100-499人","技能培训，年终奖，专项奖金，午餐补助，节日礼物","","民营企业"
"储备干部（招商类）","10","2023-02-11 17:28:48","5","5","2022-12-26 11:23:50","本科及以上","重庆好易佳文化传播有限公司","https://t3.chei.com.cn/student/ncss/cdn/job/img/fnhakftmot99qrqh.png","重庆","1-49人","五险一金，带薪年假，技能培训，定期体检，年度旅游，节日礼物","营销 市场 策划 电子商务 贸易 企业管理 管理 人力资源 金融 经济 保险 资产 外贸","民营企业"
"班主任/五险一金","10","2023-02-11 17:28:43","5","3","2023-01-07 17:01:28","专科及以上","重庆好易佳文化传播有限公司","https://t2.chei.com.cn/student/ncss/cdn/job/img/fnhakftmot99qrqh.png","重庆","1-49人","五险一金，带薪年假，技能培训，定期体检，年度旅游，节日礼物","教育 幼教 心理 农学 植物 动物 药学 生物 环境 园艺 园林 资源 地理 经济 学科 历史 生物 英语 数学 汉语言 物理 化学 工程 营销 理科 文科 不限","民营企业"
"2023届实习生（班主任/招生顾问）","6","2023-02-11 17:28:40","4","3","2023-01-07 17:03:02","专科及以上","重庆好易佳文化传播有限公司","https://t4.chei.com.cn/student/ncss/cdn/job/img/fnhakftmot99qrqh.png","重庆","1-49人","五险一金，带薪年假，技能培训，定期体检，年度旅游，节日礼物","教育 幼教 心理 农学 植物 动物 药学 生物 环境 园艺 园林 资源 地理 经济 学科 历史 生物 英语 数学 汉语言 物理 化学 工程 营销 理科 文科 不限","民营企业"
"信用卡客服","12","2023-02-11 17:28:18","6","30","2023-01-30 17:14:25","不限","无锡国宇邦商务咨询有限公司","https://t1.chei.com.cn/student/ncss/cdn/job/img/y1vl4j7rzwp585uj.png","江苏","50-99人","null","","民营企业"
"电话客服","4","2023-02-11 17:24:21","2","10","2023-01-31 15:12:27","专科及以上","伊犁万国天骐体育文化发展有限公司武汉第一分公司","https://t3.chei.com.cn/student/ncss/cdn/job/img/jtd8entfo16ih3y9.png","湖北","1000-4999人","五险一金，带薪年假，岗位晋升，技能培训，弹性工作，扁平管理","","民营企业"
"电子厂质检技工","7","2023-02-11 17:24:20","6","50","2023-01-05 10:15:12","不限","成都腾发科技有限公司","https://t3.chei.com.cn/student/ncss/cdn/job/img/u8v8db7symvgjebo.png","四川","100-499人","五险一金，岗位晋升，技能培训，弹性工作，定期体检，提供住宿，班车接送","不限 机械自动化 工商管理 市场营销","民营企业"
"仓管、技工、开机","7","2023-02-11 17:24:20","6","50","2023-01-05 10:15:04","不限","成都腾发科技有限公司","https://t3.chei.com.cn/student/ncss/cdn/job/img/u8v8db7symvgjebo.png","四川","100-499人","五险一金，岗位晋升，技能培训，弹性工作，定期体检，提供住宿，班车接送","不限 机械自动化 工商管理 市场营销","民营企业"
"生产车间技工","8","2023-02-11 17:24:20","7","100","2022-12-26 11:30:02","不限","成都腾发科技有限公司","https://t1.chei.com.cn/student/ncss/cdn/job/img/u8v8db7symvgjebo.png","四川","100-499人","五险一金，岗位晋升，技能培训，弹性工作，定期体检，提供住宿，班车接送","不限 机械自动化 工商管理 市场营销","民营企业"
"体育老师","8","2023-02-11 17:24:16","4","20","2023-01-31 15:12:34","专科及以上","伊犁万国天骐体育文化发展有限公司武汉第一分公司","https://t2.chei.com.cn/student/ncss/cdn/job/img/jtd8entfo16ih3y9.png","湖北","1000-4999人","五险一金，带薪年假，岗位晋升，技能培训，弹性工作，扁平管理","体育专业","民营企业"
"课程顾问","11","2023-02-11 17:24:11","6","20","2023-01-31 15:12:40","专科及以上","伊犁万国天骐体育文化发展有限公司武汉第一分公司","https://t3.chei.com.cn/student/ncss/cdn/job/img/jtd8entfo16ih3y9.png","湖北","1000-4999人","五险一金，带薪年假，岗位晋升，技能培训，弹性工作，扁平管理","","民营企业"
"实习生","8","2023-02-11 17:24:05","3","20","2023-01-31 15:12:53","专科及以上","伊犁万国天骐体育文化发展有限公司武汉第一分公司","https://t3.chei.com.cn/student/ncss/cdn/job/img/jtd8entfo16ih3y9.png","湖北","1000-4999人","五险一金，带薪年假，岗位晋升，技能培训，弹性工作，扁平管理","","民营企业"
"管培生","11","2023-02-11 17:23:59","6","20","2023-01-31 15:13:04","专科及以上","伊犁万国天骐体育文化发展有限公司武汉第一分公司","https://t3.chei.com.cn/student/ncss/cdn/job/img/jtd8entfo16ih3y9.png","湖北","1000-4999人","五险一金，带薪年假，岗位晋升，技能培训，弹性工作，扁平管理","","民营企业"
"城聘理工类专业储备技工岗管理岗和操作技师","8","2023-02-11 17:15:20","6","10","2023-02-07 08:08:01","专科及以上","黄岛区博海程包装机械制造中心","","山东","500-999人","null","机电 电气 自动化 机械 计算机 数控 模具 机器人 车辆 焊接 机器人","其他"
"城聘理工类专业储备技工岗管理岗和操作技师","8","2023-02-11 17:15:17","6","10","2023-02-07 08:08:09","专科及以上","黄岛区博海程包装机械制造中心","","山东","500-999人","null","机电 电气 自动化 机械 计算机 数控 模具 机器人 车辆 焊接 机器人","其他"
"城聘理工类专业储备技工岗管理岗和操作技师","8","2023-02-11 17:15:14","6","10","2023-02-07 08:08:13","专科及以上","黄岛区博海程包装机械制造中心","","山东","500-999人","null","机电 电气 自动化 机械 计算机 数控 模具 机器人 车辆 焊接 机器人","其他"
"聘理工类专业储备技工岗和操作技师","8","2023-02-11 17:15:11","6","10","2023-02-07 08:08:18","专科及以上","黄岛区博海程包装机械制造中心","","山东","500-999人","null","机电 电气 自动化 机械 计算机 数控 模具 机器人 车辆 焊接 机器人","其他"
"渔船捕捞员","12","2023-02-11 17:14:19","10","20","2022-12-23 11:11:08","不限","宁波世达船务有限公司","https://t3.chei.com.cn/student/ncss/cdn/job/img/683b94jskq8xgzg7.png","浙江","50-99人","岗位晋升，技能培训，年终分红，扁平管理，绩效奖金，免费加班餐，提供住宿","机械自动化 工商管理 市场营销 不限","民营企业"
"月薪1万船员","12","2023-02-11 17:14:15","10","10","2022-12-23 11:11:27","不限","宁波世达船务有限公司","https://t3.chei.com.cn/student/ncss/cdn/job/img/683b94jskq8xgzg7.png","浙江","50-99人","岗位晋升，技能培训，年终分红，扁平管理，绩效奖金，免费加班餐，提供住宿","不限 机械自动化 工商管理 市场营销","民营企业"
"渔船分拣员","15","2023-02-11 17:14:12","10","20","2022-12-23 11:11:42","不限","宁波世达船务有限公司","https://t4.chei.com.cn/student/ncss/cdn/job/img/683b94jskq8xgzg7.png","浙江","50-99人","岗位晋升，技能培训，年终分红，扁平管理，绩效奖金，免费加班餐，提供住宿","不限 机械自动化 工商管理 市场营销","民营企业"
"聘理工类专业储备技工岗和操作技师","8","2023-02-11 17:09:17","6","10","2023-02-07 09:15:24","专科及以上","青岛万宝压缩机有限公司","https://t2.chei.com.cn/student/ncss/cdn/job/img/j6h9db1mfnwpecdx.png","山东","500-999人","五险一金，岗位晋升，技能培训，弹性工作，股权激励，年底双薪，高温补贴，节日礼物","机电 电气 自动化 机械 计算机 数控 模具 机器人 车辆 焊接 机器人","国有企业"
"聘理工类专业储备技工岗和操作技师","8","2023-02-11 17:09:13","6","10","2023-02-07 09:15:27","专科及以上","青岛万宝压缩机有限公司","https://t3.chei.com.cn/student/ncss/cdn/job/img/j6h9db1mfnwpecdx.png","山东","500-999人","五险一金，岗位晋升，技能培训，弹性工作，股权激励，年底双薪，高温补贴，节日礼物","机电 电气 自动化 机械 计算机 数控 模具 机器人 车辆 焊接 机器人","国有企业"
"聘理工类专业储备技工岗和操作技师","8","2023-02-11 17:09:10","6","10","2023-02-07 09:15:30","专科及以上","青岛万宝压缩机有限公司","https://t3.chei.com.cn/student/ncss/cdn/job/img/j6h9db1mfnwpecdx.png","山东","500-999人","五险一金，岗位晋升，技能培训，弹性工作，股权激励，年底双薪，高温补贴，节日礼物","机电 电气 自动化 机械 计算机 数控 模具 机器人 车辆 焊接 机器人","国有企业"
"聘理工类专业储备技工岗和操作技师","8","2023-02-11 17:09:08","6","10","2023-02-07 09:15:33","专科及以上","青岛万宝压缩机有限公司","https://t2.chei.com.cn/student/ncss/cdn/job/img/j6h9db1mfnwpecdx.png","山东","500-999人","五险一金，岗位晋升，技能培训，弹性工作，股权激励，年底双薪，高温补贴，节日礼物","机电 电气 自动化 机械 计算机 数控 模具 机器人 车辆 焊接 机器人","国有企业"
